{
  "calibrationDate": "2025-12-09",
  "horizon": 1,
  "shortWindow": 14,
  "longWindow": 50,
  "lookback": 60,
  "symbols": [
    "AAPL",
    "TSLA",
    "MSFT"
  ],
  "rowCount": 3009,
  "beta0": 0.00037343641144314853,
  "beta1": 0,
  "beta2": 0.0004353331842106451,
  "r2": 0.0005656218736244112,
  "corrYBase": null,
  "corrYTrend": 0.023782806260444548,
  "beta2Raw": 0.0004353331842106451,
  "trendSignalWeightGlobal": 0.0004353331842106451
}